author,commit_count,active_days,avg_additions,avg_deletions,avg_total_changes,max_total_changes,avg_msg_len,weekend_commit_ratio
Aaron Thompson,1,1,4.0,11.0,15.0,15,1119.0,0.0
Al Viro,1,1,12.0,8.0,20.0,20,1626.0,0.0
Alessio Belle,1,1,2.0,2.0,4.0,4,1338.0,0.0
Alexander Stein,1,1,1.0,1.0,2.0,2,632.0,0.0
Alok Tiwari,3,3,2.0,4.0,6.0,12,876.6666666666666,0.6666666666666666
Anshuman Khandual,1,1,0.0,1.0,1.0,1,1126.0,0.0
Antoine Tenart,1,1,4.0,3.0,7.0,7,945.0,0.0
Arnd Bergmann,5,2,17.4,13.8,31.2,72,794.4,0.0
Baojun Xu,1,1,5.0,3.0,8.0,8,921.0,0.0
Bartosz Golaszewski,1,1,0.0,7.0,7.0,7,340.0,0.0
Ben Skeggs,1,1,14.0,6.0,20.0,20,568.0,0.0
Breno Leitao,1,1,8.0,3.0,11.0,11,910.0,0.0
Bui Quang Minh,4,1,15.5,9.75,25.25,38,687.5,0.0
Carolina Jubran,2,1,1.5,1.0,2.5,4,1487.5,0.0
Chen-Yu Tsai,1,1,1.0,1.0,2.0,2,535.0,1.0
Chintan Vankar,1,1,1.0,3.0,4.0,4,695.0,0.0
Christian Brauner,2,2,94.5,49.0,143.5,268,2053.5,0.0
Christophe JAILLET,1,1,1.0,0.0,1.0,1,596.0,1.0
Dan Carpenter,1,1,3.0,1.0,4.0,4,894.0,0.0
Daniel Gomez,1,1,1.0,1.0,2.0,2,874.0,0.0
Daniele Ceraolo Spurio,1,1,2.0,1.0,3.0,3,753.0,0.0
Danilo Krummrich,1,1,11.0,1.0,12.0,12,796.0,1.0
Dave Airlie,7,3,91.28571428571429,41.857142857142854,133.14285714285714,445,742.5714285714286,0.0
David Howells,6,3,23.5,14.166666666666666,37.666666666666664,106,1173.5,0.0
Deren Wu,2,1,4.5,0.0,4.5,6,2025.0,1.0
Edson Juliano Drosdeck,1,1,1.0,0.0,1.0,1,386.0,0.0
Eric Biggers,1,1,5.0,0.0,5.0,5,1632.0,0.0
Eric Dumazet,3,1,19.0,0.6666666666666666,19.666666666666668,53,853.6666666666666,0.0
EricChan,1,1,11.0,13.0,24.0,24,1494.0,0.0
Felix Fietkau,3,2,15.0,24.333333333333332,39.333333333333336,109,436.3333333333333,0.3333333333333333
Guillaume Nault,2,1,9.5,8.5,18.0,27,1086.0,0.0
Hangbin Liu,1,1,1.0,1.0,2.0,2,1001.0,0.0
Hans de Goede,1,1,4.0,4.0,8.0,8,1866.0,0.0
Haoxiang Li,1,1,5.0,0.0,5.0,5,532.0,0.0
Harry Austen,1,1,2.0,1.0,3.0,3,931.0,0.0
HarshaVardhana S A,1,1,2.0,2.0,4.0,4,1047.0,0.0
Henry Martin,1,1,2.0,0.0,2.0,2,604.0,0.0
Hugo Villeneuve,1,1,3.0,2.0,5.0,5,972.0,0.0
Håkon Bugge,1,1,1.0,2.0,3.0,3,1263.0,0.0
Jakub Kicinski,16,6,47.25,22.1875,69.4375,663,859.0,0.0
Jason Xing,1,1,4.0,6.0,10.0,10,1096.0,0.0
Jens Axboe,4,3,11.75,3.75,15.5,34,985.5,0.25
Jianbo Liu,1,1,17.0,7.0,24.0,24,1089.0,0.0
Jiawen Wu,4,1,11.0,8.0,19.0,33,865.5,0.0
Jiayuan Chen,1,1,1.0,1.0,2.0,2,2005.0,0.0
Johannes Berg,3,3,102.0,67.0,169.0,498,479.0,0.0
Julia Filipchuk,1,1,3.0,3.0,6.0,6,611.0,0.0
Kent Overstreet,2,2,45.0,25.5,70.5,98,772.5,0.0
Kevin Brodsky,1,1,26.0,9.0,35.0,35,1590.0,0.0
Kito Xu,1,1,1.0,0.0,1.0,1,581.0,0.0
Kohei Enju,1,1,4.0,11.0,15.0,15,1681.0,1.0
Krzysztof Kozlowski,2,2,2.0,1.0,3.0,3,624.0,0.0
Kuniyuki Iwashima,6,3,15.166666666666666,8.0,23.166666666666668,81,1878.3333333333333,0.0
Kurt Borja,3,1,10.333333333333334,20.333333333333332,30.666666666666668,43,684.0,0.0
Lachlan Hodges,1,1,38.0,14.0,52.0,52,1283.0,0.0
Laurent Vivier,3,1,5.333333333333333,2.0,7.333333333333333,8,954.6666666666666,0.0
Leon Yen,1,1,27.0,5.0,32.0,32,573.0,0.0
Leonard Dizon,1,1,8.0,4.0,12.0,12,421.0,1.0
Linus Torvalds,58,11,96.60344827586206,52.827586206896555,149.43103448275863,925,1069.5862068965516,0.3103448275862069
Lion Ackermann,1,1,5.0,14.0,19.0,19,2363.0,0.0
Lorenzo Bianconi,5,1,33.4,22.8,56.2,86,612.0,0.0
Louis Peens,1,1,2.0,2.0,4.0,4,549.0,0.0
Lu Baolu,1,1,14.0,4.0,18.0,18,1038.0,1.0
Lucas De Marchi,5,3,26.8,21.0,47.8,123,916.8,0.0
Luiz Augusto von Dentz,4,3,1.5,1.0,2.5,3,403.5,0.0
Lukas Wunner,1,1,8.0,8.0,16.0,16,3077.0,0.0
Luo Jie,2,1,15.5,14.0,29.5,57,633.0,0.0
Manivannan Sadhasivam,1,1,4.0,4.0,8.0,8,749.0,0.0
Marc Zyngier,2,2,12.5,2.5,15.0,26,1053.5,0.0
Mario Limonciello,1,1,11.0,0.0,11.0,11,1087.0,0.0
Mark Brown,2,2,19.5,18.5,38.0,57,1157.0,0.0
Mark Rutland,1,1,0.0,31.0,31.0,31,1513.0,0.0
Mathy Vanhoef,1,1,50.0,2.0,52.0,52,1712.0,0.0
Matthew Auld,1,1,1.0,1.0,2.0,2,1335.0,0.0
Matthew Brost,5,4,5.8,5.4,11.2,40,783.2,0.0
Maíra Canal,1,1,37.0,10.0,47.0,47,4455.0,1.0
Michael Lo,1,1,4.0,4.0,8.0,8,715.0,0.0
Michal Luczaj,3,1,15.333333333333334,3.6666666666666665,19.0,28,822.6666666666666,0.0
Michal Wajdeczko,2,2,6.5,1.0,7.5,11,873.0,0.0
Mikko Perttunen,1,1,2.0,4.0,6.0,6,433.0,0.0
Milan Krstic,1,1,1.0,1.0,2.0,2,449.0,0.0
Ming Yen Hsieh,2,2,32.0,10.0,42.0,82,526.5,0.0
Mingming Cao,1,1,6.0,2.0,8.0,8,991.0,0.0
Miri Korenblit,2,1,3.0,3.5,6.5,9,917.5,0.0
Moon Hee Lee,1,1,14.0,0.0,14.0,14,1225.0,0.0
Nigel Croxon,1,1,8.0,2.0,10.0,10,1402.0,0.0
Ofir Bitton,1,1,1.0,1.0,2.0,2,445.0,0.0
Oleksij Rempel,5,2,10.8,1.2,12.0,29,1244.8,0.0
Pagadala Yesu Anjaneyulu,1,1,1.0,1.0,2.0,2,724.0,0.0
Palmer Dabbelt,1,1,5.0,4.0,9.0,9,523.0,0.0
Pankaj Raghav,1,1,5.0,0.0,5.0,5,1789.0,0.0
Paolo Abeni,3,1,33.333333333333336,23.333333333333332,56.666666666666664,75,1130.6666666666667,0.0
Paolo Bonzini,4,2,41.5,17.75,59.25,140,868.25,0.0
Paulo Alcantara,1,1,20.0,19.0,39.0,39,1587.0,0.0
Pavel Begunkov,1,1,0.0,3.0,3.0,3,638.0,0.0
Peter Ujfalusi,1,1,1.0,0.0,1.0,1,442.0,0.0
Peter Zijlstra,1,1,1.0,1.0,2.0,2,874.0,0.0
Petr Pavlu,2,1,1.5,2.0,3.5,4,829.0,0.0
Qasim Ijaz,2,2,4.5,2.5,7.0,10,4732.5,0.0
Rafael J. Wysocki,3,3,5.333333333333333,9.666666666666666,15.0,24,587.3333333333334,0.0
Raju Rangoju,2,2,16.0,5.5,21.5,28,612.0,0.0
Richard Fitzgerald,1,1,1.0,1.0,2.0,2,655.0,0.0
Ryo Takakura,1,1,6.0,0.0,6.0,6,3259.0,0.0
Sean Nyekjaer,1,1,1.0,1.0,2.0,2,541.0,0.0
Sebastian Andrzej Siewior,1,1,8.0,2.0,10.0,10,1364.0,0.0
Shravya KN,1,1,2.0,0.0,2.0,2,853.0,0.0
Shruti Parab,1,1,11.0,7.0,18.0,18,684.0,0.0
Shuicheng Lin,3,2,11.333333333333334,5.0,16.333333333333332,38,794.3333333333334,0.0
Simon Trimmer,1,1,3.0,0.0,3.0,3,369.0,0.0
Simona Vetter,4,2,49.75,22.5,72.25,192,1474.5,0.0
Somnath Kotur,1,1,1.0,1.0,2.0,2,1942.0,0.0
Stefano Garzarella,1,1,1.0,1.0,2.0,2,922.0,0.0
Sumanth Gavini,1,1,1.0,1.0,2.0,2,314.0,0.0
Takashi Iwai,1,1,3434.0,2006.0,5440.0,5440,234.0,0.0
Tamir Duberstein,1,1,1.0,2.0,3.0,3,274.0,0.0
Terry Tritton,1,1,1.0,0.0,1.0,1,422.0,0.0
Thomas Fourier,1,1,34.0,1.0,35.0,35,611.0,0.0
Thomas Weißschuh,2,1,3.0,2.0,5.0,8,672.5,0.0
Thomas Zimmermann,2,2,59.5,18.5,78.0,94,2673.0,0.0
Thorsten Blum,1,1,1.0,1.0,2.0,2,445.0,0.0
Uwe Kleine-König,2,1,4.5,3.0,7.5,13,708.0,0.0
Vicki Pfau,1,1,2.0,2.0,4.0,4,406.0,0.0
Victor Nogueira,2,2,26.5,3.5,30.0,37,1543.5,0.5
Vinay Belgaumkar,2,2,72.0,1.0,73.0,137,938.5,0.0
Vitor Soares,1,1,3.0,1.0,4.0,4,3402.0,0.0
Wang Jinchao,1,1,1.0,0.0,1.0,1,1259.0,0.0
Wang Zhaolong,1,1,5.0,3.0,8.0,8,2543.0,0.0
Wolfram Sang,1,1,8.0,2.0,10.0,10,314.0,0.0
Xiang Mei,1,1,25.0,28.0,53.0,53,781.0,1.0
Yue Haibing,1,1,9.0,1.0,10.0,10,2246.0,1.0
Yunshui Jiang,1,1,2.0,0.0,2.0,2,580.0,0.0
Zheng Qixing,2,2,3.5,2.0,5.5,6,1511.5,0.0
kuyo chang,1,1,5.0,5.0,10.0,10,2095.0,0.0
